Solvent,δD    (MPa0.5),δP    (MPa0.5),δH    (MPa0.5),Tv     (°C),Pv  (hPa),Density     (g/cm³),MWt (g/mol),MVol (cm³/mol),Cas,Smiles
Methyl Acetate,15.5,7.2,7.6,58,490.6,0.932,74.08,79.48,79-20-9,CC(OC)=O
"2,3-Dihydrofuran",17.3,6,6.9,55,344.0,0.931,70.1,75.30,1191-99-7,O1CCC=C1
Methyl-t-Butyl Ether,14.8,4.3,5,55,333.3,0.7353,88.15,119.88,1634-04-4,CC(C)(C)OC
2-Pentyne,15.5,4.6,4,56,316.0,0.689,68.1,98.84,627-21-4,CC#CCC
Ethyl Methyl Sulfide,17.1,4.8,2.5,66,246.6,0.842,76.16,90.45,624-89-5,CSCC
4-Methyl-2-Pentyne,15.2,3.7,3,73,188.0,0.701,82.1,117.12,21020-27-9,CC(C)C#CC
Butyraldehyde,15.6,10.1,6.2,75,148.0,0.8,72.11,90.14,123-72-8,CCCC=O
2-Methyl Tetrahydrofuran,16.9,5,4.3,80,129.3,0.855,86.13,100.74,96-47-9,CC1CCCO1
2-Hexyne,15.6,3.9,3.4,86,104.0,0.708,82.1,115.96,764-35-2,CC#CCCC
Isobutyl Mercaptan,15.9,4.3,4.7,89,98.7,0.83,90.2,108.67,513-44-0,CC(CS)C
Dihydropyran,17.5,5.5,5.7,87,98.7,0.907,84.12,92.75,110-87-2,C1CCOC=C1
Tetrahydropyran,16.4,6.3,6,88,95.3,0.8,86.13,107.66,142-68-7,C1CCOCC1
5-Methyl-1-Hexyne,15.4,2.7,2.6,93,90.7,0.731,96.2,131.60,2203-80-7,C#CCCC(C)C
Allyl Methyl Sulfide,17,4.4,4.5,91,90.7,0.881,88.2,100.11,10152-76-8,CSCC=C
Dimethyl Carbonate,15.5,8.6,9.7,90,74.7,1.06,90.08,84.98,616-38-6,O=C(OC)OC
"1,3-Cyclohexadiene",17.1,3.6,5.2,81,74.7,0.843,80.1,95.02,592-57-4,C1=CCCC=C1
n-Propyl Acetate,15.3,4.3,7.6,102,46.7,0.888,102.13,115.01,109-60-4,CC(OCCC)=O
Ethyl Methyl Carbonate,15.7,7.8,6.2,110,36.0,1.018,104.1,102.26,623-53-0,O=C(OC)OCC
2-Heptyne,15.7,3.6,3.4,113,35.1,0.722,96.2,133.24,1119-65-9,CC#CCCCC
Cycloheptene,16.9,2.6,3.9,115,30.0,0.828,96.2,116.18,628-92-2,C1CCC=CCC1
Pyrimidine,20.5,9.4,11.3,124,22.4,1.1,80.09,72.81,289-95-2,C1=CC=NC=N1
Laevo-Carvone,17.5,5.8,3.7,230,20.7,0.96,150.2,156.46,6485-40-1,CC1=CCC(CC1=O)C(=C)C
Dimethyl Sulfite,17.3,10.2,6.2,126,19.2,1.3,110.1,84.69,616-42-2,O(C)S(=O)OC
2-Methoxy Tetrahydropyrane,17.2,6.6,6,129,17.2,0.963,116.16,120.62,6581-66-4,COC1OCCCC1
Propylene Glycol Monomethyl Ether,15.6,6.3,11.6,120,16.7,0.96,90.12,93.88,107-98-2,OC(C)COC
Diethyl Carbonate,15.1,6.3,3.5,128,15.3,0.975,118.13,121.16,105-58-8,O=C(OCC)OCC
n-Butyl Acetate,15.8,3.7,6.3,126,15.3,0.88,116.16,132.00,123-86-4,CC(OCCCC)=O
Hexanal,15.8,8.4,5.3,131,15.1,0.83,100.16,120.67,66-25-1,CCCCCC=O
"1-Propene, 3,3'-Thiobis-",17,3.7,4,139,12.3,0.88,114.2,129.77,592-88-1,C=CCSCC=C
2-Octyne,15.8,3.4,3.4,138,12.3,0.74,110.2,148.92,2809-67-8,CC#CCCCCC
"1,4-Thioxane",19,6.6,7.7,148,7.6,1.1,104.17,94.70,15980-15-1,C1CSCCO1
Isoamyl Acetate,15.3,3.1,7,142,7.5,0.87,130.19,149.64,123-92-2,CC(OCCC(C)C)=O
1-Nonyne,15.8,2.9,2.7,151,6.7,0.757,124.2,164.07,3452-09-3,C#CCCCCCCC
2-Ethylpyridine,18,5.8,5.1,150,6.7,0.926,107.2,115.77,100-71-0,CCC1=CC=CC=N1
Propylcyclohexane,16.2,0,0,156,5.3,0.797,126.2,158.34,1678-92-8,CCCC1CCCCC1
Furfuryl Mercaptan,18.3,7,7.2,155,5.3,1.12,114.2,101.96,98-02-2,C1=COC(=C1)CS
Amyl Acetate,15.8,3.3,6.1,145,5.2,0.9,130.19,144.66,628-63-7,O=C(OCCCCC)C
3-Hexanol,15.9,4.7,10.3,135,4.5,0.8,102.2,127.75,623-37-0,OC(CC)CCC
2-Methyl-3-Tetrahydrofuran Thiol,17.4,5.5,6,160,4.0,1.027,118.2,115.09,57124-87-5,CC1C(CCO1)S
"2-Butanone, 3-Hydroxy-",17.2,10.6,14.6,148,3.6,1,88.1,88.10,513-86-0,CC(C(O)C)=O
2-Hexanol,16,4.7,10.8,139,3.5,0.8,102.2,127.75,626-93-7,CC(O)CCCC
3-Ethylpyridine,18,5.8,5.1,165,3.2,0.926,107.2,115.77,536-78-7,CCC1=CN=CC=C1
α-Angelica Lactone,17.6,12.1,7.6,188,2.9,1.07,98.1,91.68,591-12-8,CC1=CCC(=O)O1
2-Ethoxythiazole,18.6,7.3,7.9,160,2.9,1.151,129.2,112.25,15679-19-3,CCOC1=NC=CS1
Benzyl Methyl Ether,17.7,4.1,4.6,175,2.7,0.95,122.2,128.63,538-86-3,COCC1=CC=CC=C1
o-Methylanisole,18.3,4.5,4.5,173,2.7,0.955,122.2,127.96,578-58-5,COC1=CC=CC=C1C
"1,8-Cineole (Eucalyptol)",16.7,4.6,3.4,178,2.5,0.92,154.25,167.66,470-82-6,CC1(C2CCC(O1)(CC2)C)C
Ethylene Glycol Sulfite,20,15.9,5.1,170,2.5,1.6,108.12,67.58,3741-38-6,C1COS(=O)O1
3-Methyl Cyclohexanone,17.7,7.7,4.7,170,2.5,0.914,112.17,122.72,591-24-2,O=C1CC(C)CCC1
"1,2,3-Trimethylbenzene",17.7,2.6,3.1,176,2.3,0.89,120.2,135.06,526-73-8,CC(C(C)=CC=C1)=C1C
β-Ocimene,16.4,1.5,2.5,175,2.1,0.8,136.2,170.25,13877-91-3,CC(=CCC=C(C)C=C)C
Furfuryl Methyl Sulfide,18.4,5.7,5.5,175,2.0,1.082,128.2,118.48,1438-91-1,CSCC1=CC=CO1
4-Tert-Butylpyridine,17,4.1,3.4,197,2.0,0.896,135.2,150.89,3978-81-2,CC(C)(C)C1=CC=NC=C1
p-Cymene,17.3,2.4,2.4,177,2.0,0.85,134.2,157.88,99-87-6,CC(C1=CC=C(C)C=C1)C
n-Butyl Cyclohexane,16.2,0,0.6,180,1.9,0.799,140.27,175.56,1678-93-9,CCCCC1CCCCC1
Methyl Heptenone,16.1,4.9,3.7,173,1.7,0.85,126.2,148.47,110-93-0,CC(=CCCC(=O)C)C
m-Diethylbenzene,17.4,2.3,2.1,182,1.6,0.86,134.2,156.05,141-93-5,CCC1=CC=CC(CC)=C1
1-Octanal,16,6.3,4.4,171,1.6,0.82,128.2,156.34,124-13-0,CCCCCCCC=O
2-Furfuryl Acetate,17.5,6.5,7.5,175,1.5,1.1175,140.1,125.37,623-17-6,O1C=CC=C1COC(C)=O
Cyclohexyl Carbinol C6h11-Ch2oh,17.2,4.8,10.7,180,1.3,0.933,114.2,122.40,100-49-2,OCC1CCCCC1
(Z)-3-Hexen-1-ol,16.5,5.7,11.7,156,1.3,0.8,100.2,125.25,928-96-1,CC\C=C/CCO
Crotonlactone,19,19.8,9.6,212,1.3,1.185,84.07,70.95,497-23-4,O=C1OCC=C1
3-(Methylthio)Propanoic Acid Methyl Ester,17.4,6.2,7,210,1.1,1.05,134.2,127.81,13532-18-8,COC(CCSC)=O
Ethyl Aceto Acetate (Keto),16.5,7.3,8.3,181,1.0,1.03,130.14,126.35,141-97-9,CC(CC(OCC)=O)=O
2-Pentyl Pyridine,17.7,4.5,4,204,0.9,0.9,149.2,165.78,2294-76-0,CCCCCC1=CC=CC=N1
1-Phenyl-3-Methylbutane,16.9,1.6,2.4,193,0.9,0.9,148.2,164.67,2049-94-7,CC(C)CCC1=CC=CC=C1
"2,6-Dimethylthiophenol",19.5,3.1,4.5,223,0.8,1.03,138.2,134.17,118-72-9,S-c(c(cc1)C)c(c1)C
p-Methoxystyrene,18.2,4.6,4.8,205,0.8,0.97,134.2,138.35,637-69-4,C=CC1=CC=C(OC)C=C1
"2,6-Dimethyl-5-Heptenal",16.3,5.3,4.3,198,0.8,0.86,140.2,163.02,106-72-9,CC(CCC=C(C)C)C=O
Hexyl Propanoate,15.9,3.8,4.8,180,0.8,0.87,158.2,181.84,2445-76-3,O=C(OCCCCCC)CC
Myrtenyl Acetate,16.9,2.8,4.2,240,0.7,1.013,194.3,191.81,1079-01-2,CC(=O)OCC1=CCC2CC1C2(C)C
"2',4'-Dimethyl Acetophenone",18.4,6,3.5,228,0.7,0.98,148.2,151.22,89-74-7,CC1=CC(=C(C=C1)C(=O)C)C
Myrtenol,17,3.8,8.9,222,0.7,1.01,152.2,150.69,515-00-4,CC1(C2CC=C(C1C2)CO)C
Myrtenal,17,5,4.1,220,0.7,1.006,150.2,149.30,564-94-3,CC1(C2CC=C(C1C2)C=O)C
Propiophenone,18.2,6.3,3.8,218,0.7,0.993,134.2,135.15,93-55-0,O=C(C1=CC=CC=C1)CC
Pinocarveol,16.9,3.3,8.3,210,0.7,0.974,152.2,156.26,5947-36-4,CC1(C2CC1C(=C)C(C2)O)C
γ-Valerolactone,16.9,11.5,6.3,208,0.7,1.05,100.1,95.33,108-29-2,CC(CC1)OC1=O
(1-Thiapropyl)-Benzene,19.2,4.2,3.3,205,0.7,1.05,138.2,131.62,622-38-8,C1=CC=CC=C1SCC
3-Butyl Pyridine,17.7,4.8,4.2,200,0.7,0.9,135.2,150.22,539-32-2,CCCCC1=CN=CC=C1
Laevo-Fenchone,17.3,5.4,2.2,194,0.7,1,152.2,152.20,7787-20-4,CC1([C@H]2CC[C@](C2)(C1=O)C)C
n-Heptyl Acetate,15.8,2.9,5.5,192,0.7,0.867,158.24,182.51,112-06-1,CC(OCCCCCCC)=O
Propylene Carbonate,20,18,4.1,240,0.5,1.2,102.09,85.08,108-32-7,O=C1OC(C)CO1
Furfuryl Propionate,17.3,6.1,6.9,195,0.5,1.074,154.2,143.58,623-19-8,CCC(=O)OCC1=CC=CO1
1-Nonanal,15.9,5.5,4.1,191,0.5,0.82,142.2,173.41,124-19-6,CCCCCCCCC=O
Butyl Lactate,15.8,6.5,10.2,185,0.5,0.97,146.19,150.71,138-22-7,O=C(C(O)C)OCCCC
Ethyl Methyl Mercaptopropionate,17.1,5.7,6.3,197,0.5,1.02,148.2,145.29,13327-56-5,CCOC(=O)CCSC
Menthofuran,17.2,4.6,5.6,210,0.4,0.965,150.22,155.67,494-90-6,CC1=COC2=C1CCC(C)C2
Nutty Pyrazine,18.6,6.2,5.1,201,0.4,1.056,134.2,127.08,23747-48-0,CC1CCC2=NC=CN=C12
Tropical Oxathiane,17,4.2,3.9,220,0.3,0.975,160.3,164.41,67715-80-4,CCCC1CCOC(S1)C
2-Ethyl Hexyl Acetate,15.8,2.9,5.1,200,0.3,0.87,172.27,198.01,103-09-3,O=C(OCC(CC)CCCC)C
2-Acetyl-1-Methyl Pyrrole,18.4,8.2,4.9,202,0.3,0.985,123.2,125.08,932-16-1,CC(=O)C1=CC=CN1C
γ-Hexalactone,16.7,12.7,5.7,219,0.3,1,114.1,114.10,695-06-7,CCC1CCC(=O)O1
m-Dimethoxybenzene,18.6,6,5.6,218,0.3,1.045,138.2,132.25,151-10-0,COC1=CC(OC)=CC=C1
(Z)-6-Nonen-1-Al,16.3,5.7,4.5,214,0.3,0.85,140.2,164.94,2277-19-2,CC\C=C/CCCCC=O
Nonyl Acetate,16,3.2,4.3,212,0.3,0.88,186.3,211.70,143-13-5,CCCCCCCCCOC(=O)C
Furfuryl Butyrate,17.1,5.4,6.2,210,0.3,1.047,168.2,160.65,623-21-2,CCCC(=O)OCC1=CC=CO1
Citronellal,16.5,4.5,3.9,206,0.3,0.857,154.2,179.93,106-23-0,CC(CCC=C(C)C)CC=O
Tetrahydro-2H-Pyran-2-Ylmethanol,17.2,6.5,12.1,189,0.3,1,116.2,116.20,100-72-1,OCC1OCCCC1
Linalool,16.7,2.8,6.4,200,0.2,0.85,154.2,181.41,78-70-6,CC(=CCCC(C)(C=C)O)C
Linalyl Formate,16.2,2.9,4.1,202,0.2,0.91,182.3,200.33,115-99-1,CC(=CCCC(C)(C=C)OC=O)C
3-Decen-2-One,16.5,4.6,3.8,214,0.2,0.84,154.2,183.57,10519-33-2,CCCCCCC=CC(=O)C
Diethylene Glycol Monoethyl Ether,16.1,9.2,12.2,202,0.2,0.98,134.18,136.92,111-90-0,CCOCCOCCO
Linalyl Acetate,16.3,2,3.5,220,0.1,0.9,196.3,218.11,115-95-7,O=C(C)OC(C=C)(C)CC/C=C(C)\C
β-Ionone    ,17,3.6,3.5,254,0.1,0.95,192.3,202.42,79-77-6,O=C(C)/C=C/C1=C(C)CCCC1(C)C
Para-Ethyl Acetophenone,18.3,6.3,3.6,239,0.1,0.98,148.2,151.22,937-30-4,CCC1=CC=C(C=C1)C(=O)C
Meta-Anisaldehyde,19.1,8.8,6.1,233,0.1,1.1,136.1,123.73,591-31-1,COC1=CC=CC(=C1)C=O
Delta-Hexalactone,16.8,10.7,5.5,231,0.1,1,114.1,114.10,823-22-3,CC1CCCC(=O)O1
Bornyl Acetate,16.7,2.7,3,230,0.1,0.98,196.3,200.31,5655-61-8,CC(=O)O[C@@H]1C[C@@H]2CC[C@]1(C2(C)C)C
Furfuryl Valerate,17.1,5.1,6,230,0.1,1.024,182.2,177.93,36701-01-6,CCCCC(=O)OCC1=CC=CO1
Methyl Furfuryl Disulfide,18.3,7.4,5.5,230,0.1,1.181,160.3,135.73,57500-00-2,CSSCC1=CC=CO1
Methyl Phenyl Acetate,17.9,4.5,6.1,218,0.1,1.066,150.2,140.90,101-41-7,COC(=O)CC1=CC=CC=C1
Decanal,16,5.1,4,208,0.1,0.83,156.3,188.31,112-31-2,CCCCCCCCCC=O
(E)-Citral,16.8,5.2,4.3,229,0.1,0.9,152.2,169.11,141-27-5,CC(=CCC/C(=C/C=O)/C)C
1-Octanol,16,5,11.2,195,0.1,0.83,130.23,156.90,111-87-5,CCCCCCCCO
Ethylene Glycol Diacetate,16.2,4.7,9.8,186,0.1,1.1,146.14,132.85,111-55-7,CC(OCCOC(C)=O)=O
γ-Heptalactone,16.6,11.5,5,223,0.1,0.96,128.2,133.54,105-21-5,CCCC1CCC(=O)O1
"1,3-Butanediol",16.5,8.1,20.9,204,0.1,1,90.12,90.12,107-88-0,CC(O)CCO
2-Ethyl Fenchol,17,3.4,5.4,224,0.1,0.96,182.3,189.90,18368-91-7,CCC1(C(C2CCC1(C2)C)(C)C)O
(Z)-Verbenol,17,3.1,8.5,215,0.1,1,152.2,152.20,1845-30-3,CC1=C[C@H]([C@@H]2C[C@H]1C2(C)C)O
Geraniol,16.8,4,8.3,230,0.0,0.89,154.2,173.26,106-24-1,C/C(C)=C\CC/C(C)=C/CO
"Cis-3,7-Dimethyl-2,6-Octadien-1-ol",16.8,4,8.3,230,0.0,0.89,154.2,173.26,106-25-2,C\C(CC\C=C(C)\C)=C/CO
Octalactone,16.5,12.3,5.1,235,0.0,1,142.2,142.20,104-50-7,CCCCC1CCC(=O)O1
Diethylene Glycol Monobutyl Ether,16,7,10.6,230,0.0,0.95,162.23,170.77,112-34-5,CCCCOCCOCCO
Farnesene,16.7,0.8,2,260,0.0,0.84,204.3,243.21,502-61-4,CC(=CCC/C(=C/C\C=C(/C)\C=C)/C)C
Nerolidol,16.9,1.9,5,266,0.0,0.9,222.4,247.11,7212-44-4,CC(=CCCC(=CCCC(C)(C=C)O)C)C
Neryl Acetate,16.7,3,4.5,247,0.0,0.9,196.3,218.11,141-12-8,CC(=CCC/C(=C/COC(=O)C)/C)C
γ-Nonalactone,16.5,10.3,4.8,243,0.0,0.96,156.2,162.71,104-61-0,CCCCCC1CCC(=O)O1
4-Phenyl-2-Butanol,17.8,4.4,9.6,239,0.0,0.97,150.2,154.85,2344-70-9,CC(CCC1=CC=CC=C1)O
Linalyl Propionate,16.3,1.9,3.2,226,0.0,0.9,210.3,233.67,144-39-8,CCC(=O)OC(C)(CCC=C(C)C)C=C
α-Terpinyl Acetate,16.6,2.9,3.6,220,0.0,0.94,196.3,208.83,8007-35-0,CC1=CCC(CC1)C(C)(C)OC(=O)C
Terpineol,17.1,3.6,7.6,218,0.0,0.93,154.2,165.81,10482-56-1,CC1=CCC(CC1)C(C)(C)O
Glycerol Triacetate,16.5,4.5,9.1,259,0.0,1.15,218.21,189.75,102-76-1,CC(OCC(OC(C)=O)COC(C)=O)=O
Propylene Glycol Monophenyl Ether,17.4,5.3,11.5,242,0.0,1.06,152.19,143.58,770-35-4,CC(COC1=CC=CC=C1)O
Triethylene Glycol,16,12.5,18.6,285,0.0,1.12,150.17,134.08,112-27-6,OCCOCCOCCO
Caryophyllene,16.8,0.7,2.2,276,0.0,0.8,204.3,255.38,87-44-5,CC1=CCCC(=C)[C@H]2CC([C@@H]2CC1)(C)C
Caprolactone (Epsilon),18,15,7.4,235,1.3,1.08,114.14,105.69,502-44-3,O=C1OCCCCC1
Dimethyl Sulfoxide (DMSO),18.4,16.4,10.2,189,2.5,1.1,78.14,71.04,67-68-5,O=S(C)C
Anisole,17.8,4.4,6.9,154,3.4,0.99,108.14,109.23,100-66-3,COC1=CC=CC=C1
Water,15.5,16,42.3,100,23.0,1,18.02,18.02,7732-18-5,[H]O[H]
2-Propanol,15.8,6.1,16.4,82.4,43.0,0.786,60.1,76.46,67-63-0,OC(C)C
"1,3-Dioxolane",18.1,6.6,9.3,81,57.3,0.99,74.08,74.83,646-06-0,C1OCCO1
Ethanol,15.8,8.8,19.4,78.3,59.0,0.79,46.07,58.32,64-17-5,CCO
Ethyl Acetate,15.8,5.3,7.2,77,97.0,0.9,88.11,97.90,141-78-6,CC(OCC)=O
Acetone,15.5,10.4,7,56.2,233.0,0.79,58.08,73.52,67-64-1,CC(C)=O
Cyclobutanone,18.3,11.4,5.2,96,58.5,0.938,70.09,74.72,1191-95-3,O=C1CCC1
Cyclobutanol,17.5,7,14.6,124,8.1,0.944,72.1,76.38,2919-23-5,OC1CCC1
"Propanedioic Acid, Dimethyl Ester",16.81,7.27,9.51,181,0.2,1.156,132.1,114.27,108-59-8,O=C(OC)CC(OC)=O
2-Acetyl Pyridine,19.17,10.12,6.26,188,0.2,1.08,121.1,112.13,1122-62-9,CC(=O)C1=CC=CC=N1
Cyclopentanone,17.9,11.9,5.2,131,11.4,0.95,84.12,88.55,120-92-3,O=C1CCCC1
Ethylcyclopentane,16.07,0.1,0.1,103,50.7,0.78,98.2,125.90,1640-89-7,CCC1CCCC1
"1,1-Dimethylcyclohexane",15.99,0.1,0.1,120,24.3,0.8,112.2,140.25,590-66-9,CC1(C)CCCCC1
2-Formyl Pyrrole,19.81,14.07,11.44,219,0.1,1.13,95.1,84.16,1003-29-8,C1=CNC(=C1)C=O
"2,4-Dimethylpyrrole",18.23,6.52,7.56,167,2.5,0.924,95.1,102.92,625-82-1,CC1=CNC(C)=C1
3-Methylcyclopentanone,17.62,8.61,4.68,145,7.7,0.913,98.1,107.45,1757-42-2,O=C1CC(C)CC1
3-Methyl-2-Cyclopenten-1-One,18.27,8.11,6.05,186,0.3,0.98,96.1,98.06,2758-18-1,CC1=CC(=O)CC1
Thymyl Methyl Ether,17.47,3.65,3.73,216,0.1,0.94,164.2,174.68,1076-56-8,CC1=CC(=C(C=C1)C(C)C)OC
4-Ethyl Anisole,18,4.75,4.81,195,0.8,0.95,136.2,143.37,1515-95-3,CCC1=CC=C(C=C1)OC
Furfural Diethyl Acetal,16.47,5.7,4.93,191,0.9,0.996,170.2,170.88,13529-27-6,CCOC(C1=CC=CO1)OCC
Cyclohexyl Formate,17,5.15,6.04,163,2.4,0.99,128.2,129.49,4351-54-6,O=COC1CCCCC1
Tetrahydrothiapyran,18.5,6.3,8.9,142,9.6,0.98,102.2,104.29,1613-51-0,C1CCSCC1
Tetramethylene Sulfoxide,18.2,11,9.1,237,0.0,1.17,104.17,89.03,1600-44-8,C1CCS(=O)C1
Diethyl Sulfide,16.8,3.1,2,92,80.0,0.83,90.19,108.66,352-93-2,CCSCC
Diethyl Sulfite,16.82,7.99,4.27,160,4.9,1.07,138.2,129.16,623-81-4,CCOS(OCC)=O
4-Methylpyrimidine,18.5,9.42,6.57,142,7.1,1.01,94.11,93.18,3438-46-8,CC1=NC=NC=C1
5-Methyl Thiazole,18.56,6.86,7.55,142,6.0,1.12,99.15,88.53,3581-89-3,CC1=CN=CS1
Pineapple Pentenoate,15.92,3.71,4.92,155,4.3,0.873,142.2,162.89,53399-81-8,CCOC(=O)C(C)CC=C
Methyl Levulinate,16.81,8.36,7.45,195,0.5,1.051,130.1,123.79,624-45-3,CC(=O)CCC(=O)OC
Isovaleraldehyde Propylene Glycol Acetal,15.87,4.09,3.79,153,4.7,0.895,144.2,161.12,18433-93-7,CC1COC(O1)CC(C)C
1-Hepten-3-ol,16.13,4.42,10.01,156,1.6,0.836,114.2,136.60,4938-52-7,CCCCC(C=C)O
Methyl 2-(Methyl Thio) Acetate,17.59,6.88,7.65,157.4,3.7,1.11,120.2,108.29,16630-66-3,COC(=O)CSC
4-Methyl 4-Mercaptopentan-2-One 1% In Pg,16.63,7.16,5.34,174,1.1,0.961,132.2,137.57,19872-52-7,CC(=O)CC(C)(C)S
3-Decanone,16.01,4.84,3.18,205,0.3,0.825,156.3,189.45,928-80-3,CCCCCCCC(=O)CC
Hexenyl Isobutyrate,16.19,3.44,4.17,217,0.3,0.878,170.2,193.85,41519-23-7,CC\C=C/CCOC(=O)C(C)C
1-Penten-3-ol,16.01,5.62,11.76,115,14.9,0.838,86.1,102.74,616-25-1,CCC(C=C)O
(Z)-4-Hepten-1-ol,16.53,5.47,10.19,176,0.5,0.85,114.2,134.35,6191-71-5,CC\C=C/CCCO
Ethyl Tiglate.,16.34,4.42,5.69,156,5.7,0.923,128.2,138.89,5837-78-5,C(/C)=C(/C)C(OCC)=O
Leaf Acetal,15.96,4.12,3.74,183,0.7,0.85,172.3,202.71,28069-74-1,CC\C=C\CCOC(C)OCC
5-Methyl-2-Hepten-4-One,16.34,4.64,3.33,170,1.6,0.845,126.2,149.35,81925-81-7,CCC(C)C(=O)C=CC
Isopropyl 2-Methyl Butyrate,15.48,3.16,3.99,150,6.8,0.851,144.2,169.45,66576-71-4,CCC(C)C(=O)OC(C)C
"2-Ethyl-4,5-Dimethyl Oxazole",16.49,5.83,4.19,140,9.3,1,125.2,125.20,53833-30-0,CCC1=NC(=C(O1)C)C
"2-Methyl-1,3-Dioxolane",17.3,4.8,5.8,83,116.8,0.982,88.11,89.73,497-26-7,CC1OCCO1
Vanilla Carboxylate,16.95,3.92,5.38,183,1.1,0.995,142.2,142.91,4630-82-4,COC(=O)C1CCCCC1
Di-Isobutyl Ketone,16,3.7,4.1,173,2.0,0.989,142.24,143.82,108-83-8,CC(C)CC(CC(C)C)=O
"3-Acetyl-2,5-Dimethyl Thiophene",18.39,6.44,5.66,224,0.1,1.086,154.23,142.02,2530-10-1,CC1=CC(=C(S1)C)C(=O)C
Acetoin Acetate,16.7,7.73,7.08,155,2.8,1.025,130.1,126.93,4906-24-5,CC(C(=O)C)OC(=O)C
Isoamyl Isobutyrate,15.49,3.21,3.94,162,2.5,0.857,158.2,184.60,2050-01-3,CC(C)CCOC(=O)C(C)C
Hexyl Isovalerate,15.81,3,3.93,215,0.3,0.857,186.3,217.39,10032-13-0,O=C(OCCCCCC)CC(C)C
Grape Butyrate,16.64,7.08,12.04,171,0.5,1.013,132.2,130.50,5405-41-4,CCOC(=O)CC(C)O
Isodihydrolavandulal,15.93,4.69,2.68,189,0.3,0.845,154.2,182.49,35158-25-9,CC(C)CC=C(C=O)C(C)C
Isobutyl Isopentanoate,15.44,3.1,3.85,170,1.9,0.851,158.2,185.90,589-59-3,CC(C)CC(OCC(C)C)=O
Methyl Heptadienone,17.07,5.34,4.39,221,0.3,0.89,124.2,139.55,1604-28-0,CC(=C\C=C\C(=O)C)C
(Z)-3-Hexen-1-Yl Formate,16.38,5.56,6.17,155,3.5,0.898,128.2,142.76,33467-73-1,CC\C=C/CCOC=O
Furfuryl Thiopropionate,18.44,5.86,5.25,221,0.1,1.11,170.2,153.33,59020-85-8,CCC(=O)SCC1=CC=CO1
Ethyl 3-Hexenoate,16.3,4.27,5.39,200,0.3,0.89,142.2,159.78,2396-83-0,CCC=CCC(=O)OCC
Acetoin Butyrate,16.46,7.05,5.72,216,0.3,0.982,158.2,161.10,84642-61-5,CCCC(=O)OC(C)C(=O)C
3-(5-Methyl-2-Furyl) Butanal,16.96,6.81,4.99,230,0.1,1.006,152.2,151.29,31704-80-0,CCC(C=O)C1=CC=C(O1)C
"1,2-Cyclohexanedione",18.6,10.3,8,195,0.7,1.12,112.13,100.12,765-87-7,C1CCC(=O)C(=O)C1
3-Hexanone,15.74,6.68,4.08,121,16.1,0.817,100.2,122.64,589-38-8,CCC(CCC)=O
W321818 Trans-2-Pentenal,16.51,8.06,6.15,125,15.3,0.86,84.1,97.79,1576-87-0,O=C/C=C/CC
o-Xylene,17.8,1,3.1,144,7.0,0.88,106.17,120.65,95-47-6,CC1=C(C)C=CC=C1
Benzaldehyde,19.4,7.4,5.3,179,1.3,1.05,106.12,101.07,100-52-7,O=C(C1=CC=CC=C1)[H]
"1,2-Dimethoxybenzene",19.2,4.4,9.4,206,0.6,1.084,138.17,127.46,91-16-7,COC1=C(OC)C=CC=C1
Sulfolane (Tetramethylene Sulfone),17.8,17.4,8.7,285,0.0,1.26,120.17,95.37,126-33-0,O=[S]1(CCCC1)=O
Ethylene Glycol,17,11,26,196,0.1,1.113,62.07,55.77,107-21-1,OCCO
Phenyl Acetate,19.8,5.2,6.4,196,0.5,1.073,136.15,126.89,122-79-2,CC(OC1=CC=CC=C1)=O
Toluene,18,1.4,2,110.6,37.9,0.87,92.14,105.91,108-88-3,CC1=CC=CC=C1
d-Limonene,17.2,1.8,4.3,177,2.6,0.8411,136.24,161.98,5989-27-5,CC1=CCC(CC1)C(=C)C
β-Pinene,16.2,1,1.8,165,3.9,0.872,136.2,156.19,127-91-3,C=C(CC2)C1C(C)(C)C2C1
Tetrahydrofurfurylamine,17.3,6.4,8.2,154,4.3,0.98,101.15,103.21,4795-29-3,C1CC(OC1)CN
4-Methoxy Acetophenone,18.9,11.2,7,254,0.0,1.082,150.18,138.80,100-06-1,CC(C1=CC=C(OC)C=C1)=O
Tetrahydronaphthalene,19.6,2,2.9,207.6,0.5,0.97,132.21,136.30,119-64-2,C12=CC=CC=C1CCCC2
Tetrahydrofuran (THF),16.8,5.7,8,65,216.0,0.889,72.11,81.11,109-99-9,C1CCOC1
Carbon Disulfide (0 Dipole Moment),20.2,0,0.6,46,478.6,1.26,76.14,60.43,75-15-0,S=C=S
Thiophene,18.9,2.4,7.8,84,106.3,1.065,84.14,79.00,110-02-1,C1=CC=CS1
Tetramethylene Sulfide,18.6,6.7,6,121,24.5,0.9987,88.17,88.28,110-01-0,C1CCSC1
p-Bromoanisole,19.3,7.1,6.3,215,0.3,1.494,187,125.17,104-92-7,COC1=CC=C(Br)C=C1
"1,8-Diiodooctane",18.3,4.1,3.2,363,0.0,1.84,366.02,198.92,24772-63-2,C(CCCCI)CCCI
Methylene Diiodide (Diiodomethane),22,3.9,5.5,181,1.6,3.32,267.84,80.67,75-11-6,[H]C(I)I[H]
Chloroiodomethane    ,19.8,7.7,4.4,109,47.6,2.422,176.4,72.83,593-71-5,ClCI
"1,8-Octane Dithiol",17.4,5.9,5.6,269.5,0.0,0.96,178.4,185.83,1191-62-4,C(CCCCS)CCCS
Dibenzyl Ether,19.6,3.4,5.2,298,0.0,1.043,198.26,190.09,103-50-4,C1(COCC2=CC=CC=C2)=CC=CC=C1
Diphenyl Ether,19.4,3.4,4,259,0.0,1.073,170.21,158.63,101-84-8,C1(OC2=CC=CC=C2)=CC=CC=C1
1-Chloronaphthalene,20.5,4.9,2.5,259,0.0,1.1938,162.62,136.22,90-13-1,ClC1=C(C=CC=C2)C2=CC=C1
1-Phenylnaphthalene,19.9,2.7,3.8,334,0.0,1.085,204.3,188.29,605-02-7,C1(C2=CC=CC=C2)=C(C=CC=C3)C3=CC=C1
Nitrobenzene,20,10.6,3.1,211,0.3,1.2,123.11,102.59,98-95-3,O=[N+]([O-])C1=CC=CC=C1
Benzyl Benzoate,20,5.1,5.2,323.5,0.0,1.1121,212.25,190.86,120-51-4,O=C(OCC2=CC=CC=C2)C1=CC=CC=C1
Butyl Benzoate,18.3,5.6,5.5,250,0.0,1.01,178.23,176.47,136-60-7,O=C(C1=CC=CC=C1)OCCCC
Methyl Phenyl Sulfide,19.6,4.8,4.7,193,0.6,1.05,124.21,118.30,100-68-5,CSC1=CC=CC=C1
Cyclohexanol,17.4,4.1,13.5,161,0.9,0.96,100.16,104.33,108-93-0,OC1CCCCC1
N-Methyl-2-Pyrrolidone (NMP),18,12.3,7.2,202,0.5,1.03,99.13,96.24,872-50-4,CN1C(CCC1)=O
"3,5-Dimethylanisole",18.1,4.5,4.9,193,0.8,0.963,136.19,141.42,874-63-5,CC1=CC(=CC(=C1)OC)C
Cyclopentyl Methyl Ether (Cpme),16.7,4.3,4.3,106,46.1,0.86,100.16,116.47,5614-37-9,COC1CCCC1
"2-Methoxy-1,3-dioxolane",17.8,8.4,7.7,130,16.5,1.092,104.1,95.33,19693-75-5,COC1OCCO1
2-Isopropylanisole,17.5,3.7,3.6,200,0.4,0.936,150.22,160.49,2944-47-0,CC(C)C1=CC=CC=C1OC
Benzyl Alcohol,18.4,6.3,13.7,205,0.1,1.045,108.14,103.48,100-51-6,OCC1=CC=CC=C1
Menthol,16.5,3.5,6.9,212,0.0,0.89,156.3,175.62,89-78-1,CC(C(CCC(C)C1)C1O)C
Acetonitrile,15.3,18,6.1,81.6,118.4,0.787,41.05,52.16,75-05-8,CC#N
1-Butanol,16,5.7,15.8,117.7,9.3,0.81,74.12,91.51,71-36-3,CCCCO
2-Butanol,15.8,5.7,14.5,98,24.4,0.808,74.12,91.73,78-92-2,CC(O)CC
t-Butyl Alcohol,15.2,5.1,14.7,82.4,54.3,0.78,74.12,95.03,75-65-0,O[C@](C)(C)C
t-Butyl Acetate,15,3.7,6,98,62.7,0.866,116.16,134.13,540-88-5,CC(C)(C)OC(C)=O
Diacetone Alcohol,15.8,8.2,10.8,166,1.1,0.931,116.16,124.77,123-42-2,CC(CC(C)(O)C)=O
"N,N-Dimethyl Acetamide",16.8,11.5,9.4,165,2.7,0.937,87.12,92.98,127-19-5,CC(N(C)C)=O
Dimethyl Formamide (DMF),17.4,13.7,11.3,153,5.2,0.95,73.09,76.94,68-12-2,[H]C(N(C)C)=O
"1,4-Dioxane",17.5,1.8,9,102,50.8,1.03,88.11,85.54,123-91-1,C1COCCO1
Dipropylene Glycol,16.7,8.2,15.5,235,0.0,1.02,134.18,131.55,2396-61-4,OCCCOCCCO
Cyclohexanone,17.8,8.4,5.1,156,6.7,0.945,98.14,103.85,108-94-1,O=C1CCCCC1
Ethyl Lactate,16,7.6,12.5,154,5.0,1.031,118.13,114.58,97-64-3,CCOC(=O)C(C)O
Ethylene Carbonate,18,21.7,5.1,244,0.0,1.321,88.06,66.66,96-49-1,O=C1OCCO1
γ-Butyrolactone (GBL),18,16.6,7.4,204,0.6,1.13,86.09,76.19,96-48-0,O=C1CCCO1
Isopropyl Acetate,14.9,4.5,8.2,89,80.5,0.874,102.13,116.85,108-21-4,CC(OC(C)C)=O
Isophorone,17,8,5,215,0.6,0.92,138.21,150.23,78-59-1,CC(CC(C)=CC1=O)(C1)C
Methyl Ethyl Ketone (MEK),16,9,5.1,80,120.8,0.805,72.11,89.58,78-93-3,CC(CC)=O
Methylene Dichloride (Dichloromethane),17,7.3,7.1,40,580.0,1.33,84.93,63.86,75-09-2,[H]C(Cl)(Cl)[H]
Methyl Isobutyl Ketone (MIBK),15.3,6.1,4.1,116,26.5,0.8,100.16,125.20,108-10-1,CC(CC(C)C)=O
1-Nitropropane,16.6,12.3,5.5,132,13.5,0.99,89.09,89.99,108-03-2,O=[N+]([O-])CCC
2-Phenoxy Ethanol,17.8,5.7,14.3,245,0.0,1.11,138.17,124.48,122-99-6,OCCOC1=CC=CC=C1
Propylene Glycol Monomethyl Ether Acetate,15.6,5.6,9.8,146,5.2,0.969,132.16,136.39,108-65-6,CC(COC)OC(=O)C
Tetrahydrofurfuryl Alcohol,17.8,8.2,12.9,178,1.1,1.05,102.13,97.27,97-99-4,OCC1CCCO1
Indene,18.7,2.6,9,182,1.5,0.996,116.16,116.63,95-13-6,C1(CC=C2)=C2C=CC=C1
Indane,19,3,2.9,176,2.0,0.965,118.2,122.49,496-11-7,C1(C=CC=C2)=C2CCC1
Methyl Benzoate,18.9,8.2,4.7,199,0.5,1.088,136.15,125.14,93-58-3,O=C(OC)C1=CC=CC=C1
Ethyl Benzoate,17.9,6.2,6,212,0.4,1.049,150.18,143.16,93-89-0,O=C(OCC)C1=CC=CC=C1
1-Methyl Naphthalene,19.7,0.8,4.7,245,0.1,1.0202,142.2,139.38,90-12-0,CC1=C(C=CC=C2)C2=CC=C1
"1,4-Dimethylnaphthalene",19,1,4,268,0.0,1.016,156.2,153.74,571-58-4,CC1=C(C=CC=C2)C2=C(C)C=C1
Cyclohexyl Benzene,18.7,0,1,240.1,0.1,0.95,160.26,168.69,827-52-1,C1(C2=CC=CC=C2)CCCCC1
"1,5-Dimethyltetralin",18.1,2.8,2.8,249,0.1,0.946,160.25,169.40,21564-91-0,CC1CCCC2=C(C=CC=C12)C
Acetophenone,18.8,9,4,202,0.5,1.028,120.15,116.88,98-86-2,CC(C1=CC=CC=C1)=O
Methyl Cyclohexane,16,0,1,101,61.3,0.77,98.19,127.52,108-87-2,CC1CCCCC1
Glycerol,17.4,11.3,27.2,290,0.0,1.26,92.09,73.09,56-81-5,OC(CO)CO
Chloroform,17.8,3.1,5.7,61,262.6,1.492,119.38,80.01,67-66-3,ClC(Cl)(Cl)[H]
Chlorobenzene,19,4.3,2,132,16.0,1.106,112.56,101.77,108-90-7,ClC1=CC=CC=C1
o-Dichlorobenzene,19.2,6.3,3.3,180,1.8,1.306,147,112.56,95-50-1,ClC1=C(Cl)C=CC=C1
"1,2,4-Trichlorobenzene",20.2,4.2,3.2,213,0.6,1.459,181.45,124.37,120-82-1,C1=CC(=C(C=C1Cl)Cl)Cl
2-Chlorothiophene,19.2,6.2,8,128,31.7,1.286,118.59,92.22,96-43-5,ClC1=CC=CS1
o-Chlorotoluene,19,4.9,2.3,159,4.6,1.0826,126.59,116.93,95-49-8,CC(C=CC=C1)=C1Cl
m-Chlorotoluene,18.6,3.2,2.5,162,4.9,1.072,126.6,118.10,108-41-8,CC1=CC(Cl)=CC=C1
Bromoform,20,5,7,149.5,7.2,2.89,252.73,87.45,75-25-2,[H]C(Br)(Br)Br
Bromobenzene,19.2,5.5,4.1,156,5.6,1.5,157.01,104.67,108-86-1,BrC1=CC=CC=C1
Benzene,18.4,0,2,80,126.4,0.88,78.11,88.76,71-43-2,C1=CC=CC=C1
1-Bromonaphthalene,20.6,3.1,4.1,280,0.0,1.48,207.07,139.91,90-11-9,BrC2=CC=CC1=CC=CC=C12
Tetrahydrofurfuryl Propionate,16.7,5.8,6.2,178,2.0,1.054,158.2,150.09,637-65-0,CCC(=O)OCC1CCCO1
Diphenyl Sulfide,20.3,3.5,3.5,296,0.0,1.113,186.3,167.39,139-66-2,C1(SC2=CC=CC=C2)=CC=CC=C1
Phenyl Acetaldehyde,18.5,7.2,5.6,195,0.5,1.035,120.1,116.04,122-78-1,C1=CC=C(C=C1)CC=O
2-Bromo Propene,16.1,6,4.9,48.4,446.6,1.362,120.98,88.83,557-93-7,BrC(C)=C
N-Methylpyrrole,17.8,5.6,5.6,113,20.0,0.914,81.1,88.73,96-54-8,CN1C=CC=C1
1-Phenylpyrrole,19.4,4.4,4.6,234,0.0,1.031,143.18,138.87,635-90-5,C1=CC=C(C=C1)N2C=CC=C2
2-Methyl-2-Cyclopenten-1-one,18.3,8.1,6.1,160,7.6,0.979,96.13,98.19,1120-73-6,CC1=CCCC1=O
2-Ethylpyrrole,18.2,6.8,7.8,165,1.0,0.929,95.14,102.41,1551-06-0,CCC1=CC=CN1
1-(Dimethylamino)pyrrole,17.4,5,5.2,140,3.7,0.912,110.16,120.79,78307-76-3,CN(C)N1C=CC=C1
3-Methyl-2-thiophenecarboxaldehyde,18.9,12.5,8.1,215,0.4,1.17,126.18,107.85,5834-16-2,CC1=C(SC=C1)C=O
2-Cyclopenten-1-One,18.4,9.8,6.2,150,5.3,0.98,82.1,83.78,930-30-3,O=C1C=CCC1
1-Methylcyclopentene,16.9,2.7,4,74,106.7,0.779,82.1,105.39,693-89-0,CC1=CCCC1
Cyclopentene,16.7,3.8,1.7,45,507.2,0.773,68.12,88.12,142-29-0,C1=CCCC1
1-Acetyl-1-cyclohexene,17.5,5.1,4.9,202,1.2,0.966,124.18,128.55,932-66-1,CC(=O)C1=CCCCC1
"1,2-Propyleneglycol sulfite",18.9,9.2,5.2,178,2.2,1.293,122.15,94.47,1469-73-4,CC1COS(=O)O1
1-Methylpyrazole,18,8.9,6.7,127,6.7,0.988,82.1,83.10,930-36-9,CN1C=CC=N1
5-tert-Butyl-m-xylene,16.8,1.6,1.9,209,0.5,0.867,162.27,187.16,98-19-1,CC1=CC(=CC(=C1)C(C)(C)C)C
3-Methoxythiophene,18.7,6.1,8.5,156,6.1,1.143,114.17,99.89,17573-92-1,COC1=CSC=C1
Farnesol,17,3.3,5.6,294,0.0,0.886,222.4,251.02,4602-84-0,CC(=CCCC(=CCCC(=CCO)C)C)C
Styralyl Acetate,17.6,3.6,5.2,288,0.0,1.028,164.2,159.73,93-92-5,CC(C1=CC=CC=C1)OC(=O)C
Dimethyl Phthalate,18.6,10.8,4.9,282,0.0,1.19,194.19,163.18,131-11-3,O=C(OC)C1=CC=CC=C1C(OC)=O
3-Tetrahydrothiophenone,19.9,13.7,7.3,175,1.6,1.194,102.2,85.59,1003-04-9,C1CSCC1=O
Decane,15.7,0,0,174,1.9,0.73,142.28,194.90,124-18-5,CCCCCCCCCC
Methyl n-Propyl Ketone,16,7.6,4.7,102,47.2,0.809,86.13,106.46,107-87-9,CC(CCC)=O
Methyl Butyl Ketone,15.3,6.1,4.1,127,15.5,0.812,100.16,123.35,591-78-6,CC(CCCC)=O
3-Methyl-2-Pentanone,15.7,5.4,3.7,118,15.5,0.815,100.2,122.94,565-61-7,CC(CC)C(C)=O
Methyl n-Amyl Ketone,16.2,5.7,4.1,151,5.1,0.81,114.19,140.98,110-43-0,CC(CCCCC)=O
2-Octanone,16.1,5.2,3.8,173,1.8,0.82,128.2,156.34,111-13-7,CC(CCCCCC)=O
2-Nonanone,16.1,5.1,3.5,195.3,0.8,0.832,142.2,170.91,821-55-6,CC(CCCCCCC)=O
2-Decanone,16.1,4.4,3.1,210,0.4,0.825,156.3,189.45,693-54-9,CC(CCCCCCCC)=O
Diethyl Ether,14.5,2.9,4.6,36,717.3,0.71,74.12,104.39,60-29-7,CCOCC
Dihexyl Ether,16,3,2.8,223,0.1,0.793,186.34,234.98,112-58-3,CCCCCCOCCCCCC
Di-n-Butyl Ether,15.2,3.4,3.2,141,8.0,0.764,130.23,170.46,142-96-1,CCCCOCCCC
Di-n-Pentyl Ether,15.6,3.1,3,190,1.1,0.8,158.28,197.85,693-65-2,CCCCCOCCCCC
Phenetole (Ethyl Phenyl Ether),18.4,4.5,4,170,2.0,0.967,122.17,126.34,103-73-1,CCOC1=CC=CC=C1
Dichloromethyl Methyl Ether,17.1,12.9,6.5,85,105.3,1.271,114.96,90.45,4885-02-3,COC(Cl)Cl
Methyl Cinnamate,18.2,4,5.7,261,0.0,1.042,162.2,155.66,103-26-4,O=C(OC)/C=C/C1=CC=CC=C1
Pyridine,19,8.8,5.9,115,27.7,0.98,79.1,80.71,110-86-1,C1=CN=CC=C1
Anisidine (2-Methoxyaniline),19.5,5.4,11.4,224,0.1,1.1,123.15,111.95,90-04-0,COC(C=CC=C1)=C1N
N-Methylaniline,19.5,6,7.8,196,0.6,0.989,107.16,108.35,100-61-8,CNC1=CC=CC=C1
m-Chloroanisole,18.9,5.3,4.5,193,0.7,1.164,142.6,122.51,2845-89-8,COC1=CC(Cl)=CC=C1
4-Chloroanisole,19.6,7.8,6.7,198,0.7,1.17,142.58,121.86,623-12-1,COC1=CC=C(Cl)C=C1
2-Chlorophenol,19,5.5,13.9,175,3.4,1.26,128.56,102.03,95-57-8,OC1=CC=CC=C1Cl
"1,4-Dichlorobutane",18.3,7.7,2.8,161,5.5,1.14,127.01,111.41,110-56-5,C(CCCl)CCl
Hexachloroacetone,18.3,3,3,203,0.5,1.74,264.7,152.13,116-16-5,O=C(C(Cl)(Cl)Cl)C(Cl)(Cl)Cl
"1,3-Dithiolane",20.4,9.3,6.7,183,2.1,1.235,106.21,86.00,4829-04-3,C1CSCS1
Cyclopentanethiol,17.5,3.9,4.7,132,15.2,0.957,102.2,106.79,1679-07-8,SC(CC1)CC1
Thiazole,20.5,18.8,10.8,118,22.9,1.2,85.13,70.94,288-47-1,C1=CN=CS1
Oxazole,18,10.3,7.9,69.5,176.0,1.05,69.1,65.81,288-42-6,C1=COC=N1
Isoxazole,18.8,13.4,11.2,95,60.6,1.078,69.06,64.06,288-14-2,C1=CON=C1
Benzoxazole,20.6,11.5,8.8,182.5,0.8,1.175,119.12,101.38,273-53-0,C1=CC=C2C(=C1)N=CO2
2-Methyl Benzothiazole,19.8,5.6,5.6,238,0.0,1.173,149.2,127.20,120-75-2,CC1=NC2=CC=CC=C2S1
Thiazolidine,19.4,9.4,9.1,165,4.3,1.131,89.16,78.83,504-78-9,C1CSCN1
Thiomorpholine,18.8,8.2,8.3,175,1.9,1.086,103.19,95.02,123-90-0,C1CSCCN1
Nutty Cyclohexenone,18.1,7.2,5.1,201,0.5,0.971,110.2,113.49,1193-18-6,CC1=CC(=O)CCC1
2-Phenylpropionaldehyde,18,5.9,4.7,203,0.4,1.002,134.2,133.93,93-53-8,C1=CC=CC=C1C(C=O)C
Mesitylene,18,0.6,0.6,165,3.3,0.86,120.19,139.76,108-67-8,CC1=CC(C)=CC(C)=C1
Phenoxyacetone,18.4,7.4,6,229,0.3,1.097,150.17,136.89,621-87-4,CC(=O)COC1=CC=CC=C1
Benzyl Methyl Ketone,18.2,5.7,4.6,214,0.2,1.016,134.2,132.09,103-79-7,c(ccc1CC(=O)C)cc1
Tetrahydrofurfuryl Chloride,17.4,7.1,5.1,150,4.0,1.11,120.58,108.63,3003-84-7,C1CC(OC1)CCl
2-(Chloromethyl)tetrahydro-2H-pyran,17.3,5.6,4.6,181,2.0,1.075,134.6,125.21,18420-41-2,C1CCOC(C1)CCl
Nopol,16.9,3.6,8.5,230,0.0,0.974,166.3,170.74,128-50-7,CC1(C2CC=C(C1C2)CCO)C
Mango Furanone,17.9,8.8,6.3,260,0.0,1.06,112.1,105.75,14400-67-0,CC1C(=O)C=C(O1)C
Coffee Furanone,17.8,10.6,6.4,139,10.7,1.034,100.1,96.81,3188-00-9,CC1C(=O)CCO1
5-Methyl Furfural,18,12.5,7.2,187,1.0,1.106,110.1,99.55,620-02-0,CC1=CC=C(O1)C=O
(S)-( )-Perillyl Alcohol.,17.3,4.3,9.2,241,0.0,0.96,152.2,158.54,18457-55-1,OC/C1=C/CC(\C(=C)C)CC1
2-Chlorobenzotrichloride,19.4,2.6,2.1,262,0.0,1.508,229.9,152.45,2136-89-2,C1=CC=C(C(=C1)C(Cl)(Cl)Cl)Cl
3-Methyl-1-Butanethiol,16,4.1,4.4,118,27.1,0.835,104.2,124.79,541-31-1,CC(C)CCS
2-Chloro-p-xylene ,18.5,3.7,3.3,187,1.8,1.049,140.61,134.04,95-72-7,CC1=CC(=C(C=C1)C)Cl
Isopropyl Chloride (2-Chloro Propane),15,8,2,35,686.6,0.859,78.54,91.43,75-29-6,CC(Cl)C
2-Bromopropane,15.5,8.3,4.7,60,288.0,1.31,122.99,93.89,75-26-3,CC(Br)C
2-Iodopropane,17.1,3.5,3,90,57.3,1.703,170,99.82,75-30-9,CC(I)C
"2,2-Dichloropropane",16.1,4.6,3.4,69,176.0,1.082,113,104.44,594-20-7,CC(Cl)(Cl)C
"1,3-Dichloro Propane",18,8.2,3,120,24.3,1.19,112.99,94.95,142-28-9,ClCCCCl
"1,2-Dichloropropane",17.3,7.1,2.9,96,71.1,1.16,112.99,97.41,78-87-5,CC(Cl)CCl
"1,7-Octadiene",15.6,2,2.9,115.5,30.0,0.746,110.2,147.72,3710-30-3,C=CCCCCC=C
"3-Methyl-1,4-Pentadiene",15.2,2.1,3.1,55,353.0,0.672,82.1,122.17,1115-08-8,C=CC(C)C=C
"1,5-Hexadiene",15.4,2.6,3.5,59.4,30.5,0.692,82.14,118.70,592-42-7,C=CCCC=C
"1,6-Heptadiene",15.5,2.7,3.3,90,79.7,0.714,96.17,134.69,3070-53-9,C=CCCCC=C
Vinylcyclohexane,16.4,1.5,2.6,128,18.4,0.805,110.2,136.89,695-12-5,C=CC1CCCCC1
Allylcyclopentane,16.4,1.4,2.6,127,19.3,0.792,110.2,139.14,3524-75-2,C=CCC1CCCC1
Vinylcyclopentane,16.3,1.4,2.6,97,61.9,0.704,96.17,136.61,3742-34-5,C=CC1CCCC1
Allylbenzene,17.6,2.3,3.5,157,4.8,0.892,118.2,132.51,300-57-2,C=CCC1=CC=CC=C1
4-Allyltoluene,17.8,2.8,3.6,190,1.5,0.865,132.2,152.83,3333-13-9,CC1=CC=C(C=C1)CC=C
Styrene,18.6,1,4.1,146,8.5,0.906,104.15,114.96,100-42-5,C=CC1=CC=CC=C1
m-Methylstyrene,17.9,2.2,2.6,171,2.3,0.89,118.2,132.81,100-80-1,C=CC1=CC(C)=CC=C1
o-Chlorostyrene,18.7,4.7,3.9,189,1.3,1.091,138.6,127.04,2039-87-4,C=CC1=CC=CC=C1Cl
m-Chlorostyrene,18.5,3.1,2.7,189,1.3,1.09,138.6,127.16,2039-85-2,C=CC1=CC(Cl)=CC=C1
p-Tolualdehyde,18.9,8.2,5.9,205,0.3,1.019,120.1,117.86,104-87-0,O=CC1=CC=C(C)C=C1
o-Ethyltoluene,17.7,2.4,2.6,165,3.5,0.887,120.2,135.51,611-14-3,CCC(C=CC=C1)=C1C
m-Ethyltoluene,17.6,2.1,2.1,159,4.1,0.865,120.2,138.96,620-14-4,CCC1=CC(C)=CC=C1
2′-Chloroacetophenone,19.3,7.4,4,230,0.5,1.188,154.59,130.13,2142-68-9,CC(=O)C1=CC=CC=C1Cl
o-Methylacetophenone,18.7,6.5,3.9,214,0.3,1.026,134.2,130.80,577-16-2,CC(C1=CC=CC=C1C)=O
1-Butyl-4-ethynylbenzene,17.6,3,3,221,0.1,0.906,158.24,174.66,79887-09-5,CCCCC1=CC=C(C=C1)C#C
1-Hexene,14.7,1.1,3,63,244.0,0.6731,84.16,125.03,592-41-6,C=CCCCC
Benzyl Methacrylate,16.8,4.1,4.1,233,0.1,1.04,176.22,169.44,2495-37-6,CC(=C)C(=O)OCC1=CC=CC=C1
Cyclohexane,16.8,0,0.2,81,129.2,0.78,84.16,107.90,110-82-7,C1CCCCC1
Cyclopentane,16.4,0,1.8,49.3,423.7,0.74,70.13,94.77,287-92-3,C1CCCC1
Chlorocyclopentane,17.2,6.2,3.3,114,32.0,1.005,104.6,104.08,930-28-9,ClC1CCCC1
1-Chloro-1-cyclopentene,17.5,3.5,3.7,115,30.3,1.035,102.56,99.09,930-29-0,C1CC=C(C1)Cl
N-Thionylaniline,20.5,14.8,7.4,200,0.7,1.236,139.18,112.61,1122-83-4,C1=CC=C(C=C1)N=S=O
Cis-3-Hexenyl Acetate,16.4,4.3,5.5,169,1.6,0.899,142.2,158.18,3681-71-8,CC\C=C/CCOC(=O)C
Methyl Thiobutyrate,17.3,4.8,4.3,143,188.0,0.966,118.2,122.36,2432-51-1,CCCC(=O)SC
2-Methyl-1-pyrroline,16.6,7.9,3.7,105,74.7,0.878,83.13,94.68,872-32-2,CC1=NCCC1
2-Ethylfuran,17,4.7,4.9,93,72.0,0.912,96.1,105.37,3208-16-0,CCC1=CC=CO1
2-Methylfuran,17.3,2.8,7.4,65,185.3,0.91,82.1,90.22,534-22-5,CC1=CC=CO1
2-tert-Butylfuran,16,3,3.2,120,7.5,0.871,124.18,142.57,7040-43-9,CC(C)(C)C1=CC=CO1
"2,3-Dimethylfuran",17.1,4.5,4.7,101,55.1,0.91,96.1,105.60,14920-89-9,O(C=C1)C(C)=C1C
"2,5-Dimethylfuran",17.1,4.5,4.7,93,70.7,0.903,96.1,106.42,625-86-5,CC1=CC=C(C)O1
"2,5-Dimethyltetrahydrofuran",16,3.8,4.2,92,82.7,0.833,100.2,120.29,1003-38-9,CC1OC(C)CC1
2-Methoxyfuran,17.8,7.4,7.5,110,37.1,1.065,98.1,92.11,25414-22-6,COC1=CC=CO1
2-Pentyl Furan,16.7,3.6,4.1,167,2.7,0.88,138.21,157.06,3777-69-3,CCCCCC1=CC=CO1
"2,3-Dihydro-5-methylfuran",17.1,4.9,6.8,82,61.3,0.922,84.12,91.24,1487-15-6,CC1=CCCO1
2-Acetyl-5-Methyl Furan,17.9,8.3,5.4,220,0.4,1.066,124.14,116.45,1193-79-9,CC1=CC=C(O1)C(=O)C
Bread Thiophene,18.9,12.5,8.1,234,0.1,1.17,126.18,107.85,13679-70-4,CC1=CC=C(S1)C=O
Thenaldehyde,19.5,14.4,9.4,198,0.5,1.22,112.15,91.93,98-03-3,C1=CSC(=C1)C=O
Eugenol,19,7.5,13,253,0.0,1.068,164.2,153.75,97-53-0,COC1=C(C=CC(=C1)CC=C)O
2-Methylthiophene,18.4,3.5,6,113,33.2,1.014,98.2,96.84,554-14-3,CC1=CC=CS1
2-Ethylthiophene,18,3.2,5.5,134,13.3,0.99,112.2,113.33,872-55-9,CCC1=CC=CS1
"2,5-Dimethylthiophene",18,3,5.3,136.5,13.1,0.984,112.19,114.01,638-02-8,CC1=CC=C(C)S1
β-Tetralone,19.7,6.9,4.2,240,0.0,1.106,146.19,132.18,530-93-8,C1CC2=CC=CC=C2CC1=O
4-Methylthioaniline,20.8,7,9.2,273,0.0,1.12,139.2,124.29,104-96-1,Nc1ccc(SC)cc1
Bicyclohexyl,17,0,0,227,0.1,0.864,166.3,192.48,92-51-3,C2(CCCCC2)C1CCCCC1
Dimethyl Trisulfide,19.3,7.8,5.6,170,1.5,1.203,126.3,104.99,3658-80-8,CSSSC
Propionaldehyde,15.3,11.1,6.9,49,422.6,0.81,58.08,71.70,123-38-6,CCC=O
Tetramethylene Sulfide,18.6,6.7,6,121,24.5,0.9987,88.17,88.28,110-01-0,C1CCSC1
Tetramethylene Sulfoxide,18.2,11,9.1,236,0.0,1.173,104.17,88.81,1600-44-8,C1CCS(=O)C1
N-tert-Butylmaleimide,17.8,6.9,4,189,0.1,1.059,153.18,144.65,4144-22-3,CC(C)(C)N1C(=O)C=CC1=O
Mesityl Oxide,16.4,7.2,5,130,10.9,0.856,98.14,114.65,141-79-7,C/C(C)=C/C(C)=O
Phenyl Acetylene,18.8,2.8,4,143,2.7,0.93,102.14,109.83,536-74-3,C#CC1=CC=CC=C1
p-Tolylacetylene,18.3,3.9,3.8,170,3.5,0.916,116.16,126.81,766-97-2,CC1=CC=C(C=C1)C#C
Trichloroethylene,18,3.1,5.3,87,92.0,1.46,131.39,89.99,79-01-6,[H]/C(Cl)=C(Cl)\Cl
"N,N-Diethylhydroxylamine",16.1,1.7,14.1,130,4.5,0.867,89.14,102.81,3710-84-7,CCN(O)CC
Benzonitrile,18.8,12,3.3,191,1.0,1.007,103.12,102.40,100-47-0,N#CC1=CC=CC=C1
Ethylene Glycol Monomethyl Ether,16,8.2,15,126,12.7,0.965,76.1,78.86,109-86-4,COCCO
α-Terpinene,16.7,1.6,3.7,175,2.1,0.837,136.2,162.72,99-86-5,CC1=CC=C(C(C)C)CC1
1-Butanethiol,16.3,5.3,4.5,98,60.7,0.842,90.19,107.11,109-79-5,CCCCS
Quinoline,20.5,5.6,5.7,237,0.1,1.09,129.16,118.50,91-22-5,C1(C=CC=N2)=C2C=CC=C1
2-Thiopheneethylamine,18.9,5.1,9.8,201,0.4,1.087,127.21,117.03,30433-91-1,C1=CSC(=C1)CCN
"N,N'-Dimethylaniline",18.2,3,5.6,193,0.9,0.956,121.2,126.78,121-69-7,CN(C)C1=CC=CC=C1
3-Hydroxy Tetrahydrofuran,18.9,9.4,16.3,181,0.4,1.09,88.11,80.83,453-20-3,OC1COCC1
Phthalan,19.4,4.9,4.8,192,0.9,1.094,120.1,109.78,496-14-0,C1OCc2ccccc12
"1,3-Benzodioxole",19,6.7,5.9,173,2.3,1.064,122.12,114.77,274-09-9,C1OC2=CC=CC=C2O1
Methyl Methacrylate,15.8,6.5,5.4,101,51.3,0.939,100.12,106.62,80-62-6,C=C(C)C(OC)=O
o-Chlorobenzaldehyde,19.5,8.9,5.5,212,0.3,1.249,140.56,112.54,89-98-5,O=CC(C=CC=C1)=C1Cl
1-Bromo-3-Chlorobenzene,19.6,5.3,3.4,196,0.8,1.63,191.45,117.45,108-37-2 ,BrC1=CC(Cl)=CC=C1
2-Chloroethyl Benzene,19.3,6.3,2.2,198,2.3,1.069,140.61,131.53,622-24-2,ClCCC1=CC=CC=C1
Tetrahydrofurfuryl Methacrylate,16.8,5.1,5.5,178,1.7,1.04,170.21,163.66,2455-24-5,CC(=C)C(=O)OCC1CCCO1
Cyclohexylchloride,17.3,5.5,2,142,9.0,1,118.6,118.60,542-18-7,C1CCC(CC1)Cl
"Cyclohexane, Methylene-",16.5,1.6,3.2,103,53.6,0.8,96.17,120.21,1192-37-6,C=C1CCCCC1
"Ethanol, 2-Nitro-",17.7,17.7,13.3,194,0.1,1.27,91.07,71.71,625-48-9 ,O=[N+]([O-])CCO
a-Methyl Styrene,18.5,2.4,2.4,169,2.5,0.909,118.18,130.01,98-83-9,CC(C1=CC=CC=C1)=C
Acetol,17.4,12.8,16.5,145.5,2.5,1.08,74.08,68.59,116-09-6,O=C(C)CO
Cyclopentanol  (Cyclopentyl Alcohol),17.3,5.4,12.4,140.4,3.3,0.948,86.13,90.85,96-41-3,OC1CCCC1
"1,3-Dimethylcyclohexane",16,0.1,0.1,122,26.8,0.767,112.21,146.30,591-21-9,CC1CCCC(C)C1
tert-Butyl 1-pyrrolecarboxylate ,17,5,5.6,223,0.1,1,167.21,167.21,5176-27-2,O=C(N1C=CC=C1)OC(C)(C)C
"3-Ethyl-2,4-dimethylpyrrole",17.4,5.3,5.7,199,0.7,0.913,123.2,134.94,517-22-6,CCc1c(C)c[nH]c1C
Methallylcyclopentane,16.3,1.3,2.1,150.2,6.5,0.9,124.22,138.02,219726-61-1,CC(=C)CC1CCCC1
Ethyl p-tolylacetate,17.8,4.3,5.3,240,0.1,1.01,178.23,176.47,14062-19-2,CCOC(=O)Cc1ccc(C)cc1
Furan-3-methanol,17.4,7.6,15.1,205,0.2,1.139,98.1,86.13,4412-91-3,OCc1ccoc1
2-Thiophenemethanol,19.6,7.1,15.7,207,0.2,1.206,114.17,94.67,636-72-6,OCc1cccs1
2-Thiophene Thiol,20.4,3.7,7.9,129,3.1,1.247,116.2,93.18,7774-74-5,C1=CSC(=C1)S
Furfuryl Thioacetate,18.8,6.3,5.8,212,0.3,1.171,156.2,133.39,13678-68-7,CC(=O)SCC1=CC=CO1
2-Chloro-2-Methyl Propane,15.6,7.6,2,50.5,397.3,0.846,92.57,109.42,507-20-0,Cl[C@](C)(C)C
Isopropyl Ether,15.1,3.2,3.2,69,198.6,0.725,102.17,140.92,108-20-3,CC(C)OC(C)C
"2H-Pyran, 3,4-Dihydro-2-Methoxy-",17,5.6,5.9,126,14.5,1.006,114.14,113.46,4454-05-1,COC1CCC=CO1
"1,2-Propyleneglycol sulfite",18.9,9.2,5.2,178,1.7,1.293,122.14,94.46,1469-73-4,CC1COS(=O)O1
"4,6-Dimethylpyrimidine",18.1,8.1,5.5,159,5.6,0.98,108.14,110.35,1558-17-4,Cc1cc(C)ncn1
2(5H)-Thiophenone,19.3,7.3,8.4,230,0.1,1.24,100.14,80.76,3354-32-3 ,O=C1SCC=C1
γ-Thiobutyrolactone,19,6.9,6.2,233,0.1,1.18,102.15,86.57,1003-10-7,C1CC(=O)SC1
Isopropyl acetoacetate,16.4,7.3,6.2,187,0.9,0.988,144.17,145.92,542-08-5 ,CC(C)OC(=O)CC(C)=O
"2-Ethyl-4-methyl-1,3-dioxolane",16.1,5.3,5,117,20.0,0.904,116.16,128.50,4359-46-0,CCC1OCC(O1)C
2-Methyl 5-(Methyl Thio) Furan,18.8,5.9,5,172,3.7,1.063,128.19,120.59,13678-59-6,CC1=CC=C(O1)SC
Isobutyl Alcohol,15.1,5.7,15.9,108,13.9,0.803,74.12,92.30,78-83-1,CC(C)CO
1-Nonanol,16,4.8,11,215,0.0,0.827,144.25,174.43,143-08-8,CCCCCCCCCO
2-Nonanol,16.1,4.2,8.2,197,0.1,0.825,144.26,174.86,628-99-9,CC(O)CCCCCCC
1-Decanol,16,4.7,10.5,231,0.0,0.828,158.29,191.17,112-30-1,CCCCCCCCCCO
1-Heptanol,16,5.3,11.7,176,0.3,0.82,116.2,141.71,111-70-6,CCCCCCCO
2-Heptanol,15.7,5.4,11.7,162,1.6,0.817,116.2,142.23,543-49-7,CCCCCC(O)C
Cycloheptanol,17.3,4.7,10.8,185,0.3,0.948,114.19,120.45,502-41-0,OC1CCCCCC1
1-Pentanol,15.9,5.9,13.9,138,2.9,0.812,88.15,108.56,71-41-0,CCCCCO
2-Pentanol,15.6,6.4,13.3,119,8.1,0.811,88.15,108.69,6032-29-7,CC(O)CCC
3-Pentanol,15.7,5.6,11.2,116,11.7,0.815,88.15,108.16,584-02-1,CCC(O)CC
Pentane,14.5,0,0,36,685.3,0.626,72.15,115.26,109-66-0,CCCCC
Hexane,14.9,0,0,69,204.0,0.659,86.18,130.77,110-54-3,CCCCCC
Heptane,15.3,0,0,99,61.3,0.684,100.2,146.49,142-82-5,CCCCCCC
Octane,15.5,0,0,126,18.7,0.703,114.23,162.49,111-65-9,CCCCCCCC
Nonane,15.7,0,0,152,5.9,0.718,128.26,178.64,111-84-2,CCCCCCCCC
"2,2-Dimethylpropanal",15,6.7,4.5,77.5,128.7,0.793,86.13,108.61,630-19-3,CC(C)(C)C=O
2-Methylbutanal,15.6,7,4.9,92,65.7,0.804,86.13,107.13,96-17-3,CC(C=O)CC
Isovaleraldehyde,14.7,9.5,5,92.5,66.7,0.8,86.13,107.66,590-86-3,CC(C)CC=O
Pentanal (Valeraldehyde),15.7,9.4,5.8,103,34.7,0.81,86.13,106.33,110-62-3,CCCCC=O
1-Heptanal,16,6.5,4.8,153,4.7,0.85,114.19,134.34,111-71-7,CCCCCCC=O
Cyclohexanecarboxaldehyde,17.1,6.4,4.7,159,3.3,0.93,112.17,120.61,2043-61-0,O=CC1CCCCC1
Cyclopentanecarboxaldehyde,17.1,6.8,5.1,141,11.3,0.919,98.14,106.79,872-53-7,[H]C(=O)C1CCCC1
Tetraethylorthosilicate,13.9,4.3,0.6,168,2.5,0.933,208.33,223.29,78-10-4,CCO[Si](OCC)(OCC)OCC
Tetraethylsilane,14.4,1.2,1,155,6.7,0.767,144.33,188.17,631-36-7,CC[Si](CC)(CC)CC
Ethyl Butyl Ketone,16.2,5,4.1,149,3.5,0.818,114.19,139.60,106-35-4,O=C(CC)CCCC
Dipropyl Ketone,15.8,7.6,4.9,145,6.9,0.817,114.19,139.77,123-19-3,CCCC(CCC)=O
Thiophenol,20,4.5,10.3,168,2.6,1.075,110.18,102.49,108-98-5,C1=CC=C(C=C1)S
Benzyl Mercaptan,19.3,4.8,5.6,195,0.5,1.058,124.2,117.39,100-53-8,SCC1=CC=CC=C1
2-Phenethyl Mercaptan,18.9,4.6,5.2,218,0.3,1.032,138.23,133.94,4410-99-5,C1=CC=C(C=C1)CCS
Cyclohexanethiol,17.5,3.8,4.5,160,13.3,0.95,116.22,122.34,1569-69-3,SC1CCCCC1
4-tert-Butylthiophenol,18.1,1.8,3.2,238,0.1,0.964,166.28,172.49,2396-68-1,CC(C)(C)c1ccc(S)cc1
Dicyclohexyl Disulfide,17.6,3.5,3.2,331,0.0,1.046,230.43,220.30,2550-40-5,C1CCC(CC1)SSC2CCCCC2
Ethanethiol (Ethyl Mercaptan),15.7,6.5,7.1,35,705.7,0.839,62.13,74.05,75-08-1,CCS
1-Propanethiol,16.1,5.8,5.7,68,205.6,0.82,76.16,92.88,107-03-9,CCCS
2-Propanethiol,16.3,6.8,6.5,60,369.7,0.82,76.16,92.88,75-33-2,CC(S)C
Pentyl Mercaptan,16.4,4.4,4.8,126,18.4,0.84,104.22,124.07,110-66-7,CCCCCS
Hexyl Mercaptan,16.4,4.2,4.4,154,5.6,0.832,118.24,142.12,111-31-9,SCCCCCC
"1,6-Hexane Dithiol",17.6,6.2,6.2,243,0.1,0.983,150.3,152.90,1191-43-1,C(CCCS)CCS
Heptyl Mercaptan,16.5,4.2,4.1,176,1.7,0.844,132.27,156.72,1639-09-4,CCCCCCCS
Octyl Mercaptan,16.5,3.5,3.7,199,0.6,0.843,146.29,173.53,111-88-6,CCCCCCCCS
Nonyl Mercaptan,16.5,3.4,3.7,220,0.2,0.842,160.32,190.40,1455-21-6,CCCCCCCCCS
Tert-Butyl Mercaptan,15.4,3.9,4.1,65,241.3,0.8,90.19,112.74,75-66-1,S[C@](C)(C)C
Tert-Butylbenzene,16.5,1.2,1.9,169,2.9,0.867,134.22,154.81,98-06-6,CC(C)(C1=CC=CC=C1)C
Methyl-t-Butyl Ether,14.8,4.3,5,56,333.3,0.742,88.15,118.80,1634-04-4,CC(C)(C)OC
Ethylene Dichloride,18,7.4,4.1,83,105.2,1.256,98.96,78.79,107-06-2,C(CCl)Cl
,,,,,,,,,,
,,,,,,,,,,
,,,,,,,,,,
,,,,,,,,,,
,,,,,,,,,,
,,,,,,,,,,
,,,,,,,,,,
,,,,,,,,,,
,,,,,,,,,,
,,,,,,,,,,
,,,,,,,,,,
,,,,,,,,,,
,,,,,,,,,,
,,,,,,,,,,
,,,,,,,,,,
,,,,,,,,,,
,,,,,,,,,,
,,,,,,,,,,
,,,,,,,,,,
,,,,,,,,,,
,,,,,,,,,,
,,,,,,,,,,
,,,,,,,,,,
,,,,,,,,,,
,,,,,,,,,,
,,,,,,,,,,
,,,,,,,,,,
,,,,,,,,,,
,,,,,,,,,,